<editors>

  <!-- Raw integer (e.g. time-since-epoch) value -->
  <editor id="RAWINT">
    <!-- 56 is "raw value" -->
    <range uom="56" min="0" max="2147483647" step="1" prec="0" />
  </editor>

  <editor id="I_INTEGER">
       <range uom="25" min="0" max="1000" prec="0" />
   </editor>

   <editor id="I_INTEGER_L">
       <range uom="56" min="0" max="4294967295" prec="0" />
   </editor>

   <editor id="BOOL">
       <range uom="2" subset="0,1"/>
   </editor>

   <editor id="FLOAT">
       <range uom="56" min="0.1" max="999.999"/>
   </editor>

   <editor id="I_OOU">
       <range uom="25" subset="0,1,2" nls="SOOU" />
   </editor>

    <!-- 16 Position Selector -->
    <editor id="I_POS16">
        <range uom="25" subset="1-16" nls="POS" />
    </editor>

    <!-- 0-2 Mode (M12O=Mode 0, 1, Off) cause I don't know what 0 and 1 are -->
    <editor id="I_M01O">
        <range uom="25" subset="0-2" nls="M01O" />
    </editor>

    <!-- 0-2 Network LED Mode -->
    <editor id="I_NLEDM">
        <range uom="25" subset="0-2" nls="NLEDM" />
    </editor>

    <!-- 0-2 IR Mode (MOO=Mode Off On-->
    <editor id="I_MOO">
        <range uom="25" subset="0-1" nls="MOO" />
    </editor>

    <!-- 0-3 IR Mode (MAOUO=Mode Auto Off On -->
    <editor id="I_MAOO">
        <range uom="25" subset="0-2" nls="MAOO" />
    </editor>

    <!-- 0-3 IR Mode (MAOUO=Mode Auto Off On Unknown-->
    <editor id="I_MAOOU">
        <range uom="25" subset="0-3" nls="MAOOU" />
    </editor>

    <!-- 0-9 Motion Sensitivity -->
    <editor id="I_ALMOS">
        <range uom="25" subset="0-9" nls="ALMOS" />
    </editor>

    <!-- 0-4 Motion Sensitivity -->
    <editor id="I_MOS04">
        <range uom="25" subset="0-4" nls="MOS04" />
    </editor>

    <!-- 1,3,5 Motion Snapshot Count -->
    <editor id="I_135">
        <range uom="56" subset="1,3,5" />
    </editor>

     <!-- 0-10 Trigger Interval  -->
    <editor id="I_MOT10">
        <range uom="25" subset="0-10" nls="MOT10" />
    </editor>

    <!-- 1-5 Snap Interval  -->
    <editor id="I_MOP5">
        <range uom="25" subset="1-5" nls="MOP5" />
    </editor>

    <!-- 0-4 Foscam polling mode -->
    <editor id="I_FOSCAM_POLLING">
        <range uom="25" subset="0-4" nls="CFPL" />
    </editor>

    <!-- 0-4 Log Debug Mode -->
    <editor id="I_DM">
        <range uom="25" subset="0,10,20,30,40,50" nls="CDM" />
    </editor>

    <!-- 0-1 Authorization Mode -->
    <editor id="I_AUTHM">
        <range uom="25" subset="0,1" nls="AUTHM" />
    </editor>

</editors>
